{
	"credit": "Made with Blockbench",
	"texture_size": [256, 256],
	"textures": {
		"2": "oat:blocks/timemachine",
		"particle": "oat:blocks/timemachine"
	},
	"elements": [
		{
			"name": "Base",
			"from": [-10, 0, -10],
			"to": [26, 3, 26],
			"faces": {
				"north": {"uv": [0.75, 1.8125, 2.75, 1.875], "texture": "#2"},
				"east": {"uv": [1.75, 1.6875, 1.8125, 1.75], "texture": "#2"},
				"south": {"uv": [0.75, 1.8125, 2.75, 1.875], "texture": "#2"},
				"west": {"uv": [1.6875, 1.6875, 1.75, 1.75], "texture": "#2"},
				"up": {"uv": [0.6875, 1.875, 2.6875, 1.9375], "texture": "#2"},
				"down": {"uv": [0.5, 0.4375, 2, 1.9375], "texture": "#2"}
			}
		},
		{
			"name": "pipe_front",
			"from": [-3.5, 2, -6.5],
			"to": [19.5, 5, -3.5],
			"faces": {
				"north": {"uv": [0.5, 1.125, 3.375, 1.375], "texture": "#2"},
				"east": {"uv": [0.625, 0.75, 0.8125, 0.9375], "texture": "#2"},
				"south": {"uv": [0.625, 0.875, 2.0625, 1.375], "texture": "#2"},
				"west": {"uv": [0.8125, 0.6875, 1.0625, 0.9375], "texture": "#2"},
				"up": {"uv": [0.6875, 0.75, 2.125, 0.9375], "texture": "#2"},
				"down": {"uv": [0.6875, 0.5625, 2.125, 0.75], "texture": "#2"}
			}
		},
		{
			"name": "pipe_left",
			"from": [-6.5, 2, -6.5],
			"to": [-3.5, 5, 22.5],
			"faces": {
				"north": {"uv": [1, 0.5625, 1.1875, 0.75], "texture": "#2"},
				"east": {"uv": [0.625, 0.5625, 2.4375, 0.75], "texture": "#2"},
				"south": {"uv": [1, 0.5625, 1.1875, 0.75], "texture": "#2"},
				"west": {"uv": [0.625, 0.625, 2.4375, 0.8125], "texture": "#2"},
				"up": {"uv": [1.125, 0.25, 1.3125, 2.0625], "texture": "#2"},
				"down": {"uv": [1, 0.25, 1.1875, 2.0625], "texture": "#2"}
			}
		},
		{
			"name": "pipe_right",
			"from": [19.5, 2, -6.5],
			"to": [22.5, 5, 22.5],
			"faces": {
				"north": {"uv": [0.875, 0.5, 1.0625, 0.6875], "texture": "#2"},
				"east": {"uv": [0.75, 0.9375, 2.5625, 1.125], "texture": "#2"},
				"south": {"uv": [1, 0.5625, 1.1875, 0.75], "texture": "#2"},
				"west": {"uv": [0.6875, 0.6875, 2.5, 0.875], "texture": "#2"},
				"up": {"uv": [0.8125, 0.3125, 1, 2.125], "texture": "#2"},
				"down": {"uv": [1.1875, 0.25, 1.375, 2.0625], "texture": "#2"}
			}
		},
		{
			"name": "pipe_back",
			"from": [-3.5, 2, 19],
			"to": [19.5, 5, 22.5],
			"faces": {
				"north": {"uv": [0.75, 0.4375, 2.1875, 0.625], "texture": "#2"},
				"east": {"uv": [0.8125, 0.5, 1.03125, 0.6875], "texture": "#2"},
				"south": {"uv": [0.75, 0.5, 2.1875, 0.6875], "texture": "#2"},
				"west": {"uv": [0.8125, 0.5625, 1.03125, 0.75], "texture": "#2"},
				"up": {"uv": [1.0625, 1.0625, 2.5, 1.28125], "texture": "#2"},
				"down": {"uv": [1, 1.0625, 2.4375, 1.28125], "texture": "#2"}
			}
		},
		{
			"name": "monitor",
			"from": [-7, 5, 0],
			"to": [-1, 11, 12],
			"faces": {
				"north": {"uv": [0.8125, 4.25, 1.1875, 5], "texture": "#2"},
				"east": {"uv": [0.75, 4.3125, 1.125, 5.0625], "texture": "#2"},
				"south": {"uv": [0.8125, 4.25, 1.125, 5.0625], "texture": "#2"},
				"west": {"uv": [0.75, 4.25, 1.1875, 5], "texture": "#2"},
				"up": {"uv": [0.25, 4.1875, 0.8125, 5.1875], "texture": "#2"},
				"down": {"uv": [0.75, 4.3125, 1.125, 5.0625], "texture": "#2"}
			}
		},
		{
			"name": "controller",
			"from": [17, 5, 0],
			"to": [23, 11, 12],
			"faces": {
				"north": {"uv": [1.5625, 0.4375, 1.9375, 0.8125], "texture": "#2"},
				"east": {"uv": [1.375, 0.5, 2.125, 0.875], "texture": "#2"},
				"south": {"uv": [1.5625, 0.5, 1.9375, 0.875], "texture": "#2"},
				"west": {"uv": [1.375, 0.5625, 2.125, 0.9375], "texture": "#2"},
				"up": {"uv": [2.3125, 4.25, 3.1875, 4.75], "texture": "#2"},
				"down": {"uv": [2.5625, 5.3125, 2.9375, 6.0625], "texture": "#2"}
			}
		},
		{
			"name": "future",
			"from": [-7, 12, -2],
			"to": [-6, 28, 14],
			"faces": {
				"north": {"uv": [1.125, 0.9375, 1.1875, 1.9375], "texture": "#2"},
				"east": {"uv": [2.25, 4.1875, 3.25, 5.1875], "texture": "#2"},
				"south": {"uv": [1.1875, 1, 1.25, 2], "texture": "#2"},
				"west": {"uv": [1.25, 1.0625, 2.25, 2.0625], "texture": "#2"},
				"up": {"uv": [1.25, 1, 1.3125, 2], "texture": "#2"},
				"down": {"uv": [1.25, 1.0625, 1.3125, 2.0625], "texture": "#2"}
			}
		},
		{
			"name": "past",
			"from": [22, 12, -2],
			"to": [23, 28, 14],
			"faces": {
				"north": {"uv": [1.1875, 1.0625, 1.25, 2.0625], "texture": "#2"},
				"east": {"uv": [1.25, 1.125, 2.25, 2.125], "texture": "#2"},
				"south": {"uv": [1.0625, 1.0625, 1.125, 2.0625], "texture": "#2"},
				"west": {"uv": [1.25, 4.1875, 2.25, 5.1875], "texture": "#2"},
				"up": {"uv": [1.0625, 0.75, 1.125, 1.75], "texture": "#2"},
				"down": {"uv": [1.25, 1.0625, 1.3125, 2.0625], "texture": "#2"}
			}
		},
		{
			"name": "chairback",
			"from": [2, 10, 10],
			"to": [14, 23, 13],
			"faces": {
				"north": {"uv": [1.125, 2.4375, 1.875, 3.25], "texture": "#2"},
				"east": {"uv": [1.3125, 2.375, 1.5, 3.1875], "texture": "#2"},
				"south": {"uv": [1.1875, 2.625, 1.9375, 3.4375], "texture": "#2"},
				"west": {"uv": [1.3125, 2.5, 1.5, 3.3125], "texture": "#2"},
				"up": {"uv": [1.4375, 2.75, 2.1875, 2.875], "texture": "#2"},
				"down": {"uv": [1.1875, 2.9375, 1.9375, 3.125], "texture": "#2"}
			}
		},
		{
			"name": "seat",
			"from": [2, 7, 0],
			"to": [14, 10, 13],
			"faces": {
				"north": {"uv": [0.6875, 2.5625, 1.4375, 2.75], "texture": "#2"},
				"east": {"uv": [1.0625, 2.5625, 1.875, 2.75], "texture": "#2"},
				"south": {"uv": [1.0625, 2.5625, 1.8125, 2.75], "texture": "#2"},
				"west": {"uv": [1.0625, 2.5625, 1.875, 2.75], "texture": "#2"},
				"up": {"uv": [1.0625, 2.375, 1.8125, 3.1875], "texture": "#2"},
				"down": {"uv": [1.0625, 2.3125, 1.8125, 3.125], "texture": "#2"}
			}
		},
		{
			"name": "arm_right",
			"from": [13, 12, 0],
			"to": [16, 15, 11],
			"faces": {
				"north": {"uv": [0.9375, 2.5625, 1.125, 2.75], "texture": "#2"},
				"east": {"uv": [0.9375, 2.5625, 1.625, 2.75], "texture": "#2"},
				"south": {"uv": [0.9375, 2.75, 1.125, 2.9375], "texture": "#2"},
				"west": {"uv": [1.25, 2.9375, 1.9375, 3.125], "texture": "#2"},
				"up": {"uv": [0.875, 2.3125, 1.0625, 3], "texture": "#2"},
				"down": {"uv": [0.4375, 2.25, 0.625, 2.9375], "texture": "#2"}
			}
		},
		{
			"name": "arm_left",
			"from": [0, 12, 0],
			"to": [3, 15, 11],
			"faces": {
				"north": {"uv": [1.375, 2.75, 1.5625, 2.9375], "texture": "#2"},
				"east": {"uv": [1.1875, 2.6875, 1.875, 2.875], "texture": "#2"},
				"south": {"uv": [1.3125, 3.0625, 1.5, 3.25], "texture": "#2"},
				"west": {"uv": [1.1875, 2.9375, 1.875, 3.125], "texture": "#2"},
				"up": {"uv": [0.9375, 2.4375, 1.125, 3.125], "texture": "#2"},
				"down": {"uv": [1.0625, 2.6875, 1.25, 3.375], "texture": "#2"}
			}
		},
		{
			"name": "bottom_arm_left",
			"from": [0, 8, 1],
			"to": [2, 12, 10],
			"faces": {
				"north": {"uv": [0.75, 2.5625, 1.6875, 3.5625], "texture": "#2"},
				"east": {"uv": [0.875, 2.5, 1.5625, 3.5], "texture": "#2"},
				"south": {"uv": [0.4375, 2.6875, 1.125, 3.75], "texture": "#2"},
				"west": {"uv": [0.875, 2.75, 1.6875, 3.75], "texture": "#2"},
				"up": {"uv": [0.5625, 2.5625, 1, 3.75], "texture": "#2"},
				"down": {"uv": [1.1875, 2.6875, 1.3125, 3.25], "texture": "#2"}
			}
		},
		{
			"name": "bottom_arm_right",
			"from": [14, 8, 1],
			"to": [16, 12, 10],
			"faces": {
				"north": {"uv": [0.5625, 2.5, 0.9375, 3.5], "texture": "#2"},
				"east": {"uv": [0.875, 2.8125, 1.4375, 3.0625], "texture": "#2"},
				"south": {"uv": [0.625, 2.5, 0.9375, 3.4375], "texture": "#2"},
				"west": {"uv": [0.75, 2.75, 1.3125, 3], "texture": "#2"},
				"up": {"uv": [0.9375, 2.6875, 1.0625, 3.25], "texture": "#2"},
				"down": {"uv": [0.6875, 2.5, 1.1875, 3.5625], "texture": "#2"}
			}
		},
		{
			"name": "chair_base",
			"from": [3, 2, 1.5],
			"to": [13, 7, 11.5],
			"faces": {
				"north": {"uv": [0.375, 2.3125, 1.8125, 3.5], "texture": "#2"},
				"east": {"uv": [0.6875, 2.8125, 1.9375, 3.75], "texture": "#2"},
				"south": {"uv": [0.4375, 2.5, 1.6875, 3.3125], "texture": "#2"},
				"west": {"uv": [0.625, 2.5625, 1.875, 3.5625], "texture": "#2"},
				"up": {"uv": [0.75, 2.6875, 2, 3.75], "texture": "#2"},
				"down": {"uv": [0.6875, 2.5, 1.875, 3.5625], "texture": "#2"}
			}
		},
		{
			"name": "generator",
			"from": [0, 2, 15],
			"to": [16, 11, 23],
			"faces": {
				"north": {"uv": [3.3125, 4.5, 4.0625, 5.375], "texture": "#2"},
				"east": {"uv": [3.375, 4.8125, 3.875, 5.375], "texture": "#2"},
				"south": {"uv": [3.4375, 4.4375, 4.125, 5], "texture": "#2"},
				"west": {"uv": [3.4375, 4.375, 3.9375, 4.9375], "texture": "#2"},
				"up": {"uv": [3.375, 4.375, 4.1875, 5.1875], "texture": "#2"},
				"down": {"uv": [3.4375, 4.4375, 4.0625, 5.3125], "texture": "#2"}
			}
		},
		{
			"name": "base2",
			"from": [-10, 30, -10],
			"to": [26, 32, 26],
			"faces": {
				"north": {"uv": [0.6875, 1.875, 2.9375, 2], "texture": "#2"},
				"east": {"uv": [0.6875, 1.8125, 2.9375, 1.9375], "texture": "#2"},
				"south": {"uv": [0.875, 1.75, 3.125, 1.875], "texture": "#2"},
				"west": {"uv": [0.6875, 1.75, 2.9375, 1.875], "texture": "#2"},
				"up": {"uv": [0.5, 0.375, 2, 2], "texture": "#2"},
				"down": {"uv": [0.375, 5.25, 3.1875, 8], "texture": "#2"}
			}
		},
		{
			"name": "side_back",
			"from": [-10, 3, 23],
			"to": [26, 30, 26],
			"faces": {
				"north": {"uv": [0.3125, 5.25, 3.1875, 8.0625], "texture": "#2"},
				"east": {"uv": [1.625, 0.375, 1.8125, 2.0625], "texture": "#2"},
				"south": {"uv": [0.4375, 0.375, 2.0625, 2], "texture": "#2"},
				"west": {"uv": [1.6875, 0.3125, 1.875, 2], "texture": "#2"},
				"up": {"uv": [1.125, 0.6875, 3.375, 0.875], "texture": "#2"},
				"down": {"uv": [1.125, 0.75, 3.375, 0.9375], "texture": "#2"}
			}
		},
		{
			"name": "side_front",
			"from": [-10, 3, -10],
			"to": [26, 30, -7],
			"faces": {
				"north": {"uv": [0.25, 0.25, 2.25, 2.0625], "texture": "#2"},
				"east": {"uv": [1.75, 0.3125, 1.9375, 2], "texture": "#2"},
				"south": {"uv": [0.3125, 5.25, 3.1875, 8.0625], "texture": "#2"},
				"west": {"uv": [1.625, 0.3125, 1.8125, 2], "texture": "#2"},
				"up": {"uv": [1.125, 0.5625, 3.375, 0.75], "texture": "#2"},
				"down": {"uv": [1.0625, 0.625, 3.3125, 0.8125], "texture": "#2"}
			}
		},
		{
			"name": "side_right",
			"from": [23, 3, -7],
			"to": [26, 30, 23],
			"faces": {
				"north": {"uv": [1, 0.375, 1.375, 1.875], "texture": "#2"},
				"east": {"uv": [0.375, 0.375, 2.0625, 2], "texture": "#2"},
				"south": {"uv": [1.0625, 0.6875, 1.375, 1.8125], "texture": "#2"},
				"west": {"uv": [0.3125, 5.1875, 3.1875, 8], "texture": "#2"},
				"up": {"uv": [0.5625, 0.5, 3, 0.8125], "texture": "#2"},
				"down": {"uv": [0.5, 0.75, 2.8125, 1.0625], "texture": "#2"}
			}
		},
		{
			"name": "side_left",
			"from": [-10, 3, -7],
			"to": [-7, 30, 23],
			"faces": {
				"north": {"uv": [1.125, 0.3125, 1.3125, 2], "texture": "#2"},
				"east": {"uv": [0.3125, 5.25, 3.1875, 8.0625], "texture": "#2"},
				"south": {"uv": [0.8125, 0.3125, 1, 2], "texture": "#2"},
				"west": {"uv": [0.4375, 0.3125, 2.0625, 2], "texture": "#2"},
				"up": {"uv": [1.125, 0.25, 1.3125, 2.125], "texture": "#2"},
				"down": {"uv": [0.6875, 0.25, 0.875, 2.125], "texture": "#2"}
			}
		}
	],
	"display": {}
}