{
  "muda": {
    "category": "neutral",
    "sounds": [
      "jojobe:entity/dio/muda"
    ]
  },
  "zawarudo": {
    "category": "neutral",
    "sounds": [
      "jojobe:entity/dio/zawarudo"
    ]
  },
  "diolaugh": {
    "category": "neutral",
    "sounds": [
      "jojobe:entity/dio/diolaugh"
    ]
  },
  "standzawarudo": {
    "category": "neutral",
    "sounds": [
      "jojobe:entity/dio/standzawarudo"
    ]
  },
  "konodioda": {
    "category": "neutral",
    "sounds": [
      "jojobe:entity/dio/konodioda"
    ]
  },
  "killerqueen": {
    "category": "neutral",
    "sounds": [
      "jojobe:entity/kira/killerqueen"
    ]
  },
  "sheerheartattack": {
    "category": "neutral",
    "sounds": [
      "jojobe:entity/kira/sheerheartattack"
    ]
  },
  "bitesthedust": {
    "category": "neutral",
    "sounds": [
      "jojobe:entity/kira/bitesthedust"
    ]
  },
  "diavoloattack": {
    "category": "neutral",
    "sounds": [
      "jojobe:entity/diavolo/diavoloattack"
    ]
  },
  "diavolospeech": {
    "category": "neutral",
    "sounds": [
      "jojobe:entity/diavolo/diavolospeech"
    ]
  },
  "skiptime": {
    "category": "neutral",
    "sounds": [
      "jojobe:entity/diavolo/skiptime"
    ]
  }
  
  }